Unnamed: 0,Unnamed: 1,Unnamed: 2,baseMean,log2FoldChange,lfcSE,stat,pvalue,padj,minus_log10_pvalue,regulation,GeneSymbol,Subcategory,GO_Terms,Description
ENSMUSG00000000275,ENSMUSG00000000275,Trim25,480.4964086,0.581764708,0.126907167,4.584175372,4.56e-06,3.49e-05,"5,341243222",up,TRIM25,proteolysis involved in protein catabolic process,GO:0051603,The hydrolysis of a peptide bond or bonds within a protein as part of the chemical reactions and pathways resulting in the breakdown of a protein by individual cells.
ENSMUSG00000000957,ENSMUSG00000000957,Mmp14,648.9868285,1.335414028,0.167047027,7.994240018,1.3e-15,8.31e-14,"14,88480382",up,MMP14,protein processing,GO:0016485,Any protein maturation process achieved by the cleavage of a peptide bond or bonds within a protein. Protein maturation is the process leading to the attainment of the full functional capacity of a protein.
ENSMUSG00000001249,ENSMUSG00000001249,Hpn,261.9804618,-0.659711569,0.143341041,-4.602391351,4.18e-06,3.26e-05,"5,379169364",down,HPN,protein processing,GO:0016485,Any protein maturation process achieved by the cleavage of a peptide bond or bonds within a protein. Protein maturation is the process leading to the attainment of the full functional capacity of a protein.
ENSMUSG00000001729,ENSMUSG00000001729,Akt1,2934.767719,0.933754514,0.264454994,3.530863602,0.000414205,0.001679117,"3,382784366",up,AKT1,proteolysis involved in protein catabolic process,GO:0051603,The hydrolysis of a peptide bond or bonds within a protein as part of the chemical reactions and pathways resulting in the breakdown of a protein by individual cells.
ENSMUSG00000001751,ENSMUSG00000001751,Naglu,228.2908353,0.741854393,0.23326362,3.180326162,0.001471094,0.004928291,"2,832359656",up,NAGLU,protein processing,GO:0016485,Any protein maturation process achieved by the cleavage of a peptide bond or bonds within a protein. Protein maturation is the process leading to the attainment of the full functional capacity of a protein.
ENSMUSG00000001751,ENSMUSG00000001751,Naglu,228.2908353,0.741854393,0.23326362,3.180326162,0.001471094,0.004928291,"2,832359656",up,NAGLU,proteolysis involved in protein catabolic process,GO:0051603,The hydrolysis of a peptide bond or bonds within a protein as part of the chemical reactions and pathways resulting in the breakdown of a protein by individual cells.
ENSMUSG00000002105,ENSMUSG00000002105,Slc39a13,826.6226408,-0.511590598,0.1010591,-5.062291246,4.14e-07,4.23e-06,"6,382740056",down,SLC39A13,protein processing,GO:0016485,Any protein maturation process achieved by the cleavage of a peptide bond or bonds within a protein. Protein maturation is the process leading to the attainment of the full functional capacity of a protein.
ENSMUSG00000003746,ENSMUSG00000003746,Man1a,659.7336635,0.558416323,0.11690964,4.776477993,1.78e-06,1.54e-05,"5,748624464",up,MAN1A,proteolysis involved in protein catabolic process,GO:0051603,The hydrolysis of a peptide bond or bonds within a protein as part of the chemical reactions and pathways resulting in the breakdown of a protein by individual cells.
ENSMUSG00000005312,ENSMUSG00000005312,Ubqln1,3571.440474,0.570937894,0.159042552,3.589843651,0.000330876,0.001380894,"3,480334259",up,UBQLN1,proteolysis involved in protein catabolic process,GO:0051603,The hydrolysis of a peptide bond or bonds within a protein as part of the chemical reactions and pathways resulting in the breakdown of a protein by individual cells.
ENSMUSG00000005362,ENSMUSG00000005362,Crbn,1470.50483,0.702483487,0.140060695,5.015564769,5.29e-07,5.26e-06,"6,276725741",up,CRBN,proteolysis involved in protein catabolic process,GO:0051603,The hydrolysis of a peptide bond or bonds within a protein as part of the chemical reactions and pathways resulting in the breakdown of a protein by individual cells.
ENSMUSG00000005625,ENSMUSG00000005625,Psmd4,6003.60928,0.680563422,0.17709534,3.842921112,0.000121579,0.00058582,"3,915143016",up,PSMD4,proteolysis involved in protein catabolic process,GO:0051603,The hydrolysis of a peptide bond or bonds within a protein as part of the chemical reactions and pathways resulting in the breakdown of a protein by individual cells.
ENSMUSG00000008348,ENSMUSG00000008348,Ubc,90844.11005,3.20806644,0.24539668,13.07298225,4.6999999999999996e-39,4.79e-36,"38,32802525",up,UBC,proteolysis involved in protein catabolic process,GO:0051603,The hydrolysis of a peptide bond or bonds within a protein as part of the chemical reactions and pathways resulting in the breakdown of a protein by individual cells.
ENSMUSG00000010609,ENSMUSG00000010609,Psen2,390.1109554,1.313338483,0.283822031,4.627330996,3.7e-06,2.93e-05,"5,431319319",up,PSEN2,membrane protein proteolysis,GO:0033619,The proteolytic cleavage of a transmembrane protein leading to the release of its intracellular or ecto-domains.
ENSMUSG00000010609,ENSMUSG00000010609,Psen2,390.1109554,1.313338483,0.283822031,4.627330996,3.7e-06,2.93e-05,"5,431319319",up,PSEN2,protein processing,GO:0016485,Any protein maturation process achieved by the cleavage of a peptide bond or bonds within a protein. Protein maturation is the process leading to the attainment of the full functional capacity of a protein.
ENSMUSG00000013878,ENSMUSG00000013878,Rnf170,1092.753203,-0.546067054,0.169087174,-3.229500146,0.001240068,0.004269015,"2,906554436",down,RNF170,proteolysis involved in protein catabolic process,GO:0051603,The hydrolysis of a peptide bond or bonds within a protein as part of the chemical reactions and pathways resulting in the breakdown of a protein by individual cells.
ENSMUSG00000014164,ENSMUSG00000014164,Klhl3,82.45347774,0.933137963,0.250617382,3.723356916,0.000196591,0.000881015,"3,706435716",up,KLHL3,proteolysis involved in protein catabolic process,GO:0051603,The hydrolysis of a peptide bond or bonds within a protein as part of the chemical reactions and pathways resulting in the breakdown of a protein by individual cells.
ENSMUSG00000014668,ENSMUSG00000014668,Chfr,732.9152426,0.536315786,0.162373212,3.302981938,0.000956625,0.003428852,"3,019258051",up,CHFR,proteolysis involved in protein catabolic process,GO:0051603,The hydrolysis of a peptide bond or bonds within a protein as part of the chemical reactions and pathways resulting in the breakdown of a protein by individual cells.
ENSMUSG00000014905,ENSMUSG00000014905,Dnajb9,1880.611927,0.698822403,0.139303188,5.016557141,5.26e-07,5.24e-06,"6,278967727",up,DNAJB9,proteolysis involved in protein catabolic process,GO:0051603,The hydrolysis of a peptide bond or bonds within a protein as part of the chemical reactions and pathways resulting in the breakdown of a protein by individual cells.
ENSMUSG00000015120,ENSMUSG00000015120,Ube2i,1388.063992,0.670833562,0.101343216,6.619422474,3.61e-11,9.64e-10,"10,44296838",up,UBE2I,proteolysis involved in protein catabolic process,GO:0051603,The hydrolysis of a peptide bond or bonds within a protein as part of the chemical reactions and pathways resulting in the breakdown of a protein by individual cells.
ENSMUSG00000015478,ENSMUSG00000015478,Rnf5,348.3031633,-0.920729218,0.133798036,-6.881485285,5.92e-12,1.86e-10,"11,22744585",down,RNF5,proteolysis involved in protein catabolic process,GO:0051603,The hydrolysis of a peptide bond or bonds within a protein as part of the chemical reactions and pathways resulting in the breakdown of a protein by individual cells.
ENSMUSG00000015837,ENSMUSG00000015837,Sqstm1,29359.87989,0.90415531,0.199811312,4.525045661,6.04e-06,4.46e-05,"5,219089143",up,SQSTM1,proteolysis involved in protein catabolic process,GO:0051603,The hydrolysis of a peptide bond or bonds within a protein as part of the chemical reactions and pathways resulting in the breakdown of a protein by individual cells.
ENSMUSG00000017221,ENSMUSG00000017221,Psmd3,5721.456524,0.515686628,0.141012064,3.657039063,0.000255146,0.001104583,"3,593212071",up,PSMD3,proteolysis involved in protein catabolic process,GO:0051603,The hydrolysis of a peptide bond or bonds within a protein as part of the chemical reactions and pathways resulting in the breakdown of a protein by individual cells.
ENSMUSG00000017428,ENSMUSG00000017428,Psmd11,5512.795503,0.896703098,0.179473205,4.996306263,5.84e-07,5.73e-06,"6,233298512",up,PSMD11,proteolysis involved in protein catabolic process,GO:0051603,The hydrolysis of a peptide bond or bonds within a protein as part of the chemical reactions and pathways resulting in the breakdown of a protein by individual cells.
ENSMUSG00000018217,ENSMUSG00000018217,Pmp22,2355.310943,1.367542429,0.457866135,2.986773482,0.002819385,0.008524304,"2,549845555",up,PMP22,proteolysis involved in protein catabolic process,GO:0051603,The hydrolysis of a peptide bond or bonds within a protein as part of the chemical reactions and pathways resulting in the breakdown of a protein by individual cells.
ENSMUSG00000019505,ENSMUSG00000019505,Ubb,34174.19435,0.925120274,0.184653071,5.010045428,5.44e-07,5.38e-06,"6,2642639",up,UBB,proteolysis involved in protein catabolic process,GO:0051603,The hydrolysis of a peptide bond or bonds within a protein as part of the chemical reactions and pathways resulting in the breakdown of a protein by individual cells.
ENSMUSG00000019539,ENSMUSG00000019539,Rcn3,339.12927,-1.185186607,0.213108606,-5.561420669,2.68e-08,3.73e-07,"7,572534482",down,RCN3,proteolysis involved in protein catabolic process,GO:0051603,The hydrolysis of a peptide bond or bonds within a protein as part of the chemical reactions and pathways resulting in the breakdown of a protein by individual cells.
ENSMUSG00000020063,ENSMUSG00000020063,Sirt1,625.3152805,0.720806768,0.126856151,5.682079763,1.33e-08,2.01e-07,"7,875931032",up,SIRT1,proteolysis involved in protein catabolic process,GO:0051603,The hydrolysis of a peptide bond or bonds within a protein as part of the chemical reactions and pathways resulting in the breakdown of a protein by individual cells.
ENSMUSG00000020107,ENSMUSG00000020107,Anapc16,1654.549029,0.79304673,0.145191815,5.462062254,4.71e-08,6.11e-07,"7,327315809",up,ANAPC16,proteolysis involved in protein catabolic process,GO:0051603,The hydrolysis of a peptide bond or bonds within a protein as part of the chemical reactions and pathways resulting in the breakdown of a protein by individual cells.
ENSMUSG00000020134,ENSMUSG00000020134,Peli1,974.3720844,0.587805198,0.115313567,5.097450489,3.44e-07,3.62e-06,"6,463115437",up,PELI1,proteolysis involved in protein catabolic process,GO:0051603,The hydrolysis of a peptide bond or bonds within a protein as part of the chemical reactions and pathways resulting in the breakdown of a protein by individual cells.
ENSMUSG00000020484,ENSMUSG00000020484,Xbp1,1679.5527,0.559584117,0.134708773,4.154028751,3.27e-05,0.000188444,"4,485887952",up,XBP1,proteolysis involved in protein catabolic process,GO:0051603,The hydrolysis of a peptide bond or bonds within a protein as part of the chemical reactions and pathways resulting in the breakdown of a protein by individual cells.
ENSMUSG00000020883,ENSMUSG00000020883,Fbxl20,1166.137788,1.199366217,0.135516756,8.85031674,8.73e-19,9.68e-17,"18,05912877",up,FBXL20,proteolysis involved in protein catabolic process,GO:0051603,The hydrolysis of a peptide bond or bonds within a protein as part of the chemical reactions and pathways resulting in the breakdown of a protein by individual cells.
ENSMUSG00000020948,ENSMUSG00000020948,Klhl28,257.7320313,-0.736964949,0.162072993,-4.547117529,5.44e-06,4.08e-05,"5,264515828",down,KLHL28,proteolysis involved in protein catabolic process,GO:0051603,The hydrolysis of a peptide bond or bonds within a protein as part of the chemical reactions and pathways resulting in the breakdown of a protein by individual cells.
ENSMUSG00000021200,ENSMUSG00000021200,Asb2,36431.89369,0.847776186,0.104188368,8.1369562,4.05e-16,2.8e-14,"15,39218131",up,ASB2,proteolysis involved in protein catabolic process,GO:0051603,The hydrolysis of a peptide bond or bonds within a protein as part of the chemical reactions and pathways resulting in the breakdown of a protein by individual cells.
ENSMUSG00000021466,ENSMUSG00000021466,Ptch1,548.2552303,0.968410367,0.209518217,4.622081941,3.8e-06,3e-05,"5,420321694",up,PTCH1,protein processing,GO:0016485,Any protein maturation process achieved by the cleavage of a peptide bond or bonds within a protein. Protein maturation is the process leading to the attainment of the full functional capacity of a protein.
ENSMUSG00000021477,ENSMUSG00000021477,Ctsl,6006.067536,1.781351138,0.291347548,6.11417926,9.71e-10,1.9e-08,"9,012981372",up,CTSL,protein processing,GO:0016485,Any protein maturation process achieved by the cleavage of a peptide bond or bonds within a protein. Protein maturation is the process leading to the attainment of the full functional capacity of a protein.
ENSMUSG00000021819,ENSMUSG00000021819,Zswim8,2666.49481,0.872788552,0.156594143,5.57357086,2.5e-08,3.51e-07,"7,602807495",up,ZSWIM8,proteolysis involved in protein catabolic process,GO:0051603,The hydrolysis of a peptide bond or bonds within a protein as part of the chemical reactions and pathways resulting in the breakdown of a protein by individual cells.
ENSMUSG00000022075,ENSMUSG00000022075,Rhobtb2,859.6873065,-0.753052269,0.125779039,-5.987104651,2.14e-09,3.91e-08,"8,670379738",down,RHOBTB2,proteolysis involved in protein catabolic process,GO:0051603,The hydrolysis of a peptide bond or bonds within a protein as part of the chemical reactions and pathways resulting in the breakdown of a protein by individual cells.
ENSMUSG00000022098,ENSMUSG00000022098,Bmp1,756.8581671,-0.641686332,0.132870392,-4.829415509,1.37e-06,1.22e-05,"5,863487431",down,BMP1,protein processing,GO:0016485,Any protein maturation process achieved by the cleavage of a peptide bond or bonds within a protein. Protein maturation is the process leading to the attainment of the full functional capacity of a protein.
ENSMUSG00000022124,ENSMUSG00000022124,Fbxl3,3009.388819,0.51477589,0.132957451,3.871734042,0.000108064,0.000528184,"3,966319655",up,FBXL3,proteolysis involved in protein catabolic process,GO:0051603,The hydrolysis of a peptide bond or bonds within a protein as part of the chemical reactions and pathways resulting in the breakdown of a protein by individual cells.
ENSMUSG00000022184,ENSMUSG00000022184,Fbxo4,117.6422407,0.671863738,0.200651123,3.34841754,0.000812745,0.002973569,"3,090045892",up,FBXO4,proteolysis involved in protein catabolic process,GO:0051603,The hydrolysis of a peptide bond or bonds within a protein as part of the chemical reactions and pathways resulting in the breakdown of a protein by individual cells.
ENSMUSG00000022280,ENSMUSG00000022280,Rnf19a,1018.519693,0.828275331,0.139837675,5.923120032,3.16e-09,5.47e-08,"8,500463989",up,RNF19A,proteolysis involved in protein catabolic process,GO:0051603,The hydrolysis of a peptide bond or bonds within a protein as part of the chemical reactions and pathways resulting in the breakdown of a protein by individual cells.
ENSMUSG00000022346,ENSMUSG00000022346,Myc,297.6203608,1.399842197,0.292285796,4.78929259,1.67e-06,1.45e-05,"5,776321627",up,MYC,protein processing,GO:0016485,Any protein maturation process achieved by the cleavage of a peptide bond or bonds within a protein. Protein maturation is the process leading to the attainment of the full functional capacity of a protein.
ENSMUSG00000022346,ENSMUSG00000022346,Myc,297.6203608,1.399842197,0.292285796,4.78929259,1.67e-06,1.45e-05,"5,776321627",up,MYC,proteolysis involved in protein catabolic process,GO:0051603,The hydrolysis of a peptide bond or bonds within a protein as part of the chemical reactions and pathways resulting in the breakdown of a protein by individual cells.
ENSMUSG00000022357,ENSMUSG00000022357,Klhl38,3456.111005,1.878229019,0.276293035,6.797960066,1.06e-11,3.17e-10,"10,97424018",up,KLHL38,proteolysis involved in protein catabolic process,GO:0051603,The hydrolysis of a peptide bond or bonds within a protein as part of the chemical reactions and pathways resulting in the breakdown of a protein by individual cells.
ENSMUSG00000022812,ENSMUSG00000022812,Gsk3b,4078.864217,0.820530967,0.220418337,3.722607566,0.000197176,0.000882611,"3,70514625",up,GSK3B,proteolysis involved in protein catabolic process,GO:0051603,The hydrolysis of a peptide bond or bonds within a protein as part of the chemical reactions and pathways resulting in the breakdown of a protein by individual cells.
ENSMUSG00000023150,ENSMUSG00000023150,Ivns1abp,12915.06274,0.886335656,0.217523929,4.074658181,4.61e-05,0.000253418,"4,336468846",up,IVNS1ABP,proteolysis involved in protein catabolic process,GO:0051603,The hydrolysis of a peptide bond or bonds within a protein as part of the chemical reactions and pathways resulting in the breakdown of a protein by individual cells.
ENSMUSG00000023977,ENSMUSG00000023977,Ubr2,4405.363688,0.558465795,0.116557001,4.791353509,1.66e-06,1.44e-05,"5,780782473",up,UBR2,proteolysis involved in protein catabolic process,GO:0051603,The hydrolysis of a peptide bond or bonds within a protein as part of the chemical reactions and pathways resulting in the breakdown of a protein by individual cells.
ENSMUSG00000024294,ENSMUSG00000024294,Mib1,1018.536398,0.711645784,0.138282943,5.146301966,2.66e-07,2.87e-06,"6,575654795",up,MIB1,proteolysis involved in protein catabolic process,GO:0051603,The hydrolysis of a peptide bond or bonds within a protein as part of the chemical reactions and pathways resulting in the breakdown of a protein by individual cells.
ENSMUSG00000024481,ENSMUSG00000024481,Lvrn,787.0702987,1.919036562,0.197387604,9.722173651,2.43e-22,4.54e-20,"21,61520304",up,LVRN,protein processing,GO:0016485,Any protein maturation process achieved by the cleavage of a peptide bond or bonds within a protein. Protein maturation is the process leading to the attainment of the full functional capacity of a protein.
ENSMUSG00000024589,ENSMUSG00000024589,Nedd4l,1503.768223,1.281233064,0.186488319,6.870312681,6.41e-12,1.99e-10,"11,19340403",up,NEDD4L,proteolysis involved in protein catabolic process,GO:0051603,The hydrolysis of a peptide bond or bonds within a protein as part of the chemical reactions and pathways resulting in the breakdown of a protein by individual cells.
ENSMUSG00000024740,ENSMUSG00000024740,Ddb1,9450.85002,0.509036454,0.106895372,4.762006486,1.92e-06,1.64e-05,"5,717428816",up,DDB1,proteolysis involved in protein catabolic process,GO:0051603,The hydrolysis of a peptide bond or bonds within a protein as part of the chemical reactions and pathways resulting in the breakdown of a protein by individual cells.
ENSMUSG00000024926,ENSMUSG00000024926,Kat5,759.7524518,0.623212961,0.133971274,4.651840205,3.29e-06,2.64e-05,"5,48282262",up,KAT5,proteolysis involved in protein catabolic process,GO:0051603,The hydrolysis of a peptide bond or bonds within a protein as part of the chemical reactions and pathways resulting in the breakdown of a protein by individual cells.
ENSMUSG00000025139,ENSMUSG00000025139,Tollip,2552.188887,0.770043794,0.171734793,4.483912563,7.33e-06,5.24e-05,"5,134974821",up,TOLLIP,proteolysis involved in protein catabolic process,GO:0051603,The hydrolysis of a peptide bond or bonds within a protein as part of the chemical reactions and pathways resulting in the breakdown of a protein by individual cells.
ENSMUSG00000025226,ENSMUSG00000025226,Fbxl15,73.95017088,-0.792645481,0.222868074,-3.556568097,0.000375731,0.001542013,"3,425122835",down,FBXL15,proteolysis involved in protein catabolic process,GO:0051603,The hydrolysis of a peptide bond or bonds within a protein as part of the chemical reactions and pathways resulting in the breakdown of a protein by individual cells.
ENSMUSG00000025893,ENSMUSG00000025893,Kbtbd3,94.03312985,-0.873930976,0.215646832,-4.052602895,5.07e-05,0.000275798,"4,295412532",down,KBTBD3,proteolysis involved in protein catabolic process,GO:0051603,The hydrolysis of a peptide bond or bonds within a protein as part of the chemical reactions and pathways resulting in the breakdown of a protein by individual cells.
ENSMUSG00000026308,ENSMUSG00000026308,Klhl30,3060.091068,1.006687681,0.18463261,5.452382884,4.97e-08,6.4e-07,"7,3036497",up,KLHL30,proteolysis involved in protein catabolic process,GO:0051603,The hydrolysis of a peptide bond or bonds within a protein as part of the chemical reactions and pathways resulting in the breakdown of a protein by individual cells.
ENSMUSG00000026353,ENSMUSG00000026353,Ubxn4,3347.64041,0.870483699,0.196805844,4.423058183,9.73e-06,6.72e-05,"5,011826815",up,UBXN4,proteolysis involved in protein catabolic process,GO:0051603,The hydrolysis of a peptide bond or bonds within a protein as part of the chemical reactions and pathways resulting in the breakdown of a protein by individual cells.
ENSMUSG00000027566,ENSMUSG00000027566,Psma7,2806.913968,0.516545283,0.171488926,3.012120349,0.002594297,0.00795365,"2,585980271",up,PSMA7,proteolysis involved in protein catabolic process,GO:0051603,The hydrolysis of a peptide bond or bonds within a protein as part of the chemical reactions and pathways resulting in the breakdown of a protein by individual cells.
ENSMUSG00000027630,ENSMUSG00000027630,Tbl1xr1,1555.664699,0.879502295,0.135398087,6.495677417,8.27e-11,2.08e-09,"10,08270141",up,TBL1XR1,proteolysis involved in protein catabolic process,GO:0051603,The hydrolysis of a peptide bond or bonds within a protein as part of the chemical reactions and pathways resulting in the breakdown of a protein by individual cells.
ENSMUSG00000027778,ENSMUSG00000027778,Ift80,119.7561576,-1.263498817,0.173195911,-7.295200057,2.98e-13,1.23e-11,"12,5254696",down,IFT80,proteolysis involved in protein catabolic process,GO:0051603,The hydrolysis of a peptide bond or bonds within a protein as part of the chemical reactions and pathways resulting in the breakdown of a protein by individual cells.
ENSMUSG00000027820,ENSMUSG00000027820,Mme,424.0758109,0.851657184,0.154663819,5.506505602,3.66e-08,4.92e-07,"7,436487682",up,MME,protein processing,GO:0016485,Any protein maturation process achieved by the cleavage of a peptide bond or bonds within a protein. Protein maturation is the process leading to the attainment of the full functional capacity of a protein.
ENSMUSG00000028098,ENSMUSG00000028098,Rnf115,2404.294904,0.520315674,0.119232935,4.363858644,1.28e-05,8.44e-05,"4,89350936",up,RNF115,proteolysis involved in protein catabolic process,GO:0051603,The hydrolysis of a peptide bond or bonds within a protein as part of the chemical reactions and pathways resulting in the breakdown of a protein by individual cells.
ENSMUSG00000028277,ENSMUSG00000028277,Ube2j1,2176.144415,0.589728111,0.102500072,5.75344094,8.74e-09,1.36e-07,"8,058264983",up,UBE2J1,proteolysis involved in protein catabolic process,GO:0051603,The hydrolysis of a peptide bond or bonds within a protein as part of the chemical reactions and pathways resulting in the breakdown of a protein by individual cells.
ENSMUSG00000028550,ENSMUSG00000028550,Atg4c,194.8924858,-1.036484362,0.174943709,-5.924673529,3.13e-09,5.43e-08,"8,504568865",down,ATG4C,protein processing,GO:0016485,Any protein maturation process achieved by the cleavage of a peptide bond or bonds within a protein. Protein maturation is the process leading to the attainment of the full functional capacity of a protein.
ENSMUSG00000028557,ENSMUSG00000028557,Rnf11,6254.800729,-0.724981397,0.189343559,-3.828920297,0.000128707,0.000613035,"3,89039892",down,RNF11,proteolysis involved in protein catabolic process,GO:0051603,The hydrolysis of a peptide bond or bonds within a protein as part of the chemical reactions and pathways resulting in the breakdown of a protein by individual cells.
ENSMUSG00000028577,ENSMUSG00000028577,Plaa,2232.403941,0.514547856,0.156407995,3.289779765,0.001002658,0.003564939,"2,99884706",up,PLAA,proteolysis involved in protein catabolic process,GO:0051603,The hydrolysis of a peptide bond or bonds within a protein as part of the chemical reactions and pathways resulting in the breakdown of a protein by individual cells.
ENSMUSG00000028834,ENSMUSG00000028834,Trim63,44995.10441,3.738274796,0.26128904,14.30704784,1.98e-46,4.59e-43,"45,70392646",up,TRIM63,proteolysis involved in protein catabolic process,GO:0051603,The hydrolysis of a peptide bond or bonds within a protein as part of the chemical reactions and pathways resulting in the breakdown of a protein by individual cells.
ENSMUSG00000028932,ENSMUSG00000028932,Psmc2,4442.052617,0.523560522,0.152191949,3.440132844,0.000581429,0.002239592,"3,235503517",up,PSMC2,proteolysis involved in protein catabolic process,GO:0051603,The hydrolysis of a peptide bond or bonds within a protein as part of the chemical reactions and pathways resulting in the breakdown of a protein by individual cells.
ENSMUSG00000028954,ENSMUSG00000028954,Nub1,2161.130331,0.745457181,0.148446302,5.021729551,5.12e-07,5.12e-06,"6,290660026",up,NUB1,proteolysis involved in protein catabolic process,GO:0051603,The hydrolysis of a peptide bond or bonds within a protein as part of the chemical reactions and pathways resulting in the breakdown of a protein by individual cells.
ENSMUSG00000028986,ENSMUSG00000028986,Klhl7,2766.083704,0.55358892,0.174631656,3.170037622,0.001524192,0.005080523,"2,816960318",up,KLHL7,proteolysis involved in protein catabolic process,GO:0051603,The hydrolysis of a peptide bond or bonds within a protein as part of the chemical reactions and pathways resulting in the breakdown of a protein by individual cells.
ENSMUSG00000029017,ENSMUSG00000029017,Pmpcb,1915.563539,-0.585794913,0.128842779,-4.54658708,5.45e-06,4.08e-05,"5,263421711",down,PMPCB,protein processing,GO:0016485,Any protein maturation process achieved by the cleavage of a peptide bond or bonds within a protein. Protein maturation is the process leading to the attainment of the full functional capacity of a protein.
ENSMUSG00000029110,ENSMUSG00000029110,Rnf4,933.9529131,0.765163053,0.118210208,6.472901649,9.61e-11,2.38e-09,"10,0171025",up,RNF4,proteolysis involved in protein catabolic process,GO:0051603,The hydrolysis of a peptide bond or bonds within a protein as part of the chemical reactions and pathways resulting in the breakdown of a protein by individual cells.
ENSMUSG00000029238,ENSMUSG00000029238,Clock,1133.129074,0.591412241,0.106862664,5.534320582,3.12e-08,4.28e-07,"7,50523745",up,CLOCK,proteolysis involved in protein catabolic process,GO:0051603,The hydrolysis of a peptide bond or bonds within a protein as part of the chemical reactions and pathways resulting in the breakdown of a protein by individual cells.
ENSMUSG00000029312,ENSMUSG00000029312,Klhl8,798.6576185,-0.880589648,0.099502698,-8.849907218,8.76e-19,9.68e-17,"18,05753513",down,KLHL8,proteolysis involved in protein catabolic process,GO:0051603,The hydrolysis of a peptide bond or bonds within a protein as part of the chemical reactions and pathways resulting in the breakdown of a protein by individual cells.
ENSMUSG00000029466,ENSMUSG00000029466,Anapc7,808.0770399,0.660918753,0.131456875,5.02764692,4.97e-07,4.98e-06,"6,304050103",up,ANAPC7,proteolysis involved in protein catabolic process,GO:0051603,The hydrolysis of a peptide bond or bonds within a protein as part of the chemical reactions and pathways resulting in the breakdown of a protein by individual cells.
ENSMUSG00000029512,ENSMUSG00000029512,Ulk1,7775.604838,1.506175519,0.228036487,6.604975984,3.98e-11,1.05e-09,"10,40057351",up,ULK1,proteolysis involved in protein catabolic process,GO:0051603,The hydrolysis of a peptide bond or bonds within a protein as part of the chemical reactions and pathways resulting in the breakdown of a protein by individual cells.
ENSMUSG00000029686,ENSMUSG00000029686,Cul1,4616.457993,0.52591905,0.137711951,3.81897902,0.000134005,0.000634623,"3,872878484",up,CUL1,proteolysis involved in protein catabolic process,GO:0051603,The hydrolysis of a peptide bond or bonds within a protein as part of the chemical reactions and pathways resulting in the breakdown of a protein by individual cells.
ENSMUSG00000030104,ENSMUSG00000030104,Edem1,426.1094511,1.215467552,0.291917729,4.16373324,3.13e-05,0.000182379,"4,504336513",up,EDEM1,proteolysis involved in protein catabolic process,GO:0051603,The hydrolysis of a peptide bond or bonds within a protein as part of the chemical reactions and pathways resulting in the breakdown of a protein by individual cells.
ENSMUSG00000030530,ENSMUSG00000030530,Furin,3637.697754,0.873905794,0.13411829,6.515932996,7.22e-11,1.85e-09,"10,14122696",up,FURIN,protein processing,GO:0016485,Any protein maturation process achieved by the cleavage of a peptide bond or bonds within a protein. Protein maturation is the process leading to the attainment of the full functional capacity of a protein.
ENSMUSG00000030615,ENSMUSG00000030615,Tmem126a,1130.917021,-0.635154279,0.194580575,-3.264222438,0.00109765,0.003853069,"2,959536305",down,TMEM126A,proteolysis involved in protein catabolic process,GO:0051603,The hydrolysis of a peptide bond or bonds within a protein as part of the chemical reactions and pathways resulting in the breakdown of a protein by individual cells.
ENSMUSG00000030720,ENSMUSG00000030720,Cln3,132.6758707,-0.561810525,0.170588462,-3.293367663,0.000989949,0.003527322,"3,004387042",down,CLN3,protein processing,GO:0016485,Any protein maturation process achieved by the cleavage of a peptide bond or bonds within a protein. Protein maturation is the process leading to the attainment of the full functional capacity of a protein.
ENSMUSG00000030779,ENSMUSG00000030779,Rbbp6,1683.583649,0.83763813,0.09207468,9.097377563,9.25e-20,1.33e-17,"19,03367429",up,RBBP6,proteolysis involved in protein catabolic process,GO:0051603,The hydrolysis of a peptide bond or bonds within a protein as part of the chemical reactions and pathways resulting in the breakdown of a protein by individual cells.
ENSMUSG00000031095,ENSMUSG00000031095,Cul4b,577.4328009,0.663808729,0.18885662,3.514881973,0.000439949,0.001760101,"3,356597201",up,CUL4B,proteolysis involved in protein catabolic process,GO:0051603,The hydrolysis of a peptide bond or bonds within a protein as part of the chemical reactions and pathways resulting in the breakdown of a protein by individual cells.
ENSMUSG00000031134,ENSMUSG00000031134,Rbmx,826.8749023,0.575490434,0.106857728,5.38557618,7.22e-08,8.98e-07,"7,141384969",up,RBMX,membrane protein proteolysis,GO:0033619,The proteolytic cleavage of a transmembrane protein leading to the release of its intracellular or ecto-domains.
ENSMUSG00000031154,ENSMUSG00000031154,Otud5,997.0076748,0.546912218,0.138796669,3.940384316,8.14e-05,0.000412915,"4,089636172",up,OTUD5,proteolysis involved in protein catabolic process,GO:0051603,The hydrolysis of a peptide bond or bonds within a protein as part of the chemical reactions and pathways resulting in the breakdown of a protein by individual cells.
ENSMUSG00000031382,ENSMUSG00000031382,Asb11,4819.150269,0.698910029,0.158212599,4.417537112,9.98e-06,6.86e-05,"5,000730519",up,ASB11,proteolysis involved in protein catabolic process,GO:0051603,The hydrolysis of a peptide bond or bonds within a protein as part of the chemical reactions and pathways resulting in the breakdown of a protein by individual cells.
ENSMUSG00000031605,ENSMUSG00000031605,Klhl2,486.3162212,0.709793593,0.20682235,3.431899847,0.000599369,0.002294975,"3,222305825",up,KLHL2,proteolysis involved in protein catabolic process,GO:0051603,The hydrolysis of a peptide bond or bonds within a protein as part of the chemical reactions and pathways resulting in the breakdown of a protein by individual cells.
ENSMUSG00000031722,ENSMUSG00000031722,Hp,612.601549,2.145575493,0.643620717,3.333602288,0.000857291,0.003124722,"3,066871516",up,HP,protein processing,GO:0016485,Any protein maturation process achieved by the cleavage of a peptide bond or bonds within a protein. Protein maturation is the process leading to the attainment of the full functional capacity of a protein.
ENSMUSG00000031897,ENSMUSG00000031897,Psmb10,177.4482477,-0.699115675,0.140788552,-4.965713932,6.84e-07,6.63e-06,"6,164634221",down,PSMB10,proteolysis involved in protein catabolic process,GO:0051603,The hydrolysis of a peptide bond or bonds within a protein as part of the chemical reactions and pathways resulting in the breakdown of a protein by individual cells.
ENSMUSG00000031986,ENSMUSG00000031986,Sprtn,639.5024906,0.862048881,0.130902439,6.585430253,4.54e-11,1.19e-09,"10,3433557",up,SPRTN,protein processing,GO:0016485,Any protein maturation process achieved by the cleavage of a peptide bond or bonds within a protein. Protein maturation is the process leading to the attainment of the full functional capacity of a protein.
ENSMUSG00000032086,ENSMUSG00000032086,Bace1,2155.668089,-1.165339994,0.21895647,-5.322245078,1.02e-07,1.23e-06,"6,989300039",down,BACE1,membrane protein proteolysis,GO:0033619,The proteolytic cleavage of a transmembrane protein leading to the release of its intracellular or ecto-domains.
ENSMUSG00000032086,ENSMUSG00000032086,Bace1,2155.668089,-1.165339994,0.21895647,-5.322245078,1.02e-07,1.23e-06,"6,989300039",down,BACE1,protein processing,GO:0016485,Any protein maturation process achieved by the cleavage of a peptide bond or bonds within a protein. Protein maturation is the process leading to the attainment of the full functional capacity of a protein.
ENSMUSG00000032267,ENSMUSG00000032267,Usp28,2945.549733,0.545575103,0.185782087,2.936639976,0.00331789,0.009774167,"2,479137956",up,USP28,proteolysis involved in protein catabolic process,GO:0051603,The hydrolysis of a peptide bond or bonds within a protein as part of the chemical reactions and pathways resulting in the breakdown of a protein by individual cells.
ENSMUSG00000032375,ENSMUSG00000032375,Aph1b,116.0262112,0.586118589,0.184469183,3.177325228,0.001486402,0.004972396,"2,827863579",up,APH1B,membrane protein proteolysis,GO:0033619,The proteolytic cleavage of a transmembrane protein leading to the release of its intracellular or ecto-domains.
ENSMUSG00000032375,ENSMUSG00000032375,Aph1b,116.0262112,0.586118589,0.184469183,3.177325228,0.001486402,0.004972396,"2,827863579",up,APH1B,protein processing,GO:0016485,Any protein maturation process achieved by the cleavage of a peptide bond or bonds within a protein. Protein maturation is the process leading to the attainment of the full functional capacity of a protein.
ENSMUSG00000032596,ENSMUSG00000032596,Uba7,125.3877703,-1.230448026,0.272725864,-4.511666067,6.43e-06,4.69e-05,"5,191651293",down,UBA7,proteolysis involved in protein catabolic process,GO:0051603,The hydrolysis of a peptide bond or bonds within a protein as part of the chemical reactions and pathways resulting in the breakdown of a protein by individual cells.
ENSMUSG00000032633,ENSMUSG00000032633,Flcn,2481.506706,1.025387051,0.255860272,4.007605572,6.13e-05,0.000323949,"4,212274312",up,FLCN,proteolysis involved in protein catabolic process,GO:0051603,The hydrolysis of a peptide bond or bonds within a protein as part of the chemical reactions and pathways resulting in the breakdown of a protein by individual cells.
ENSMUSG00000033107,ENSMUSG00000033107,Rnf125,215.1560788,2.588967484,0.384841087,6.727367659,1.73e-11,5.01e-10,"10,76255722",up,RNF125,proteolysis involved in protein catabolic process,GO:0051603,The hydrolysis of a peptide bond or bonds within a protein as part of the chemical reactions and pathways resulting in the breakdown of a protein by individual cells.
ENSMUSG00000033628,ENSMUSG00000033628,Pik3c3,736.6466303,0.57302841,0.134914176,4.247355089,2.16e-05,0.000132668,"4,664925442",up,PIK3C3,protein processing,GO:0016485,Any protein maturation process achieved by the cleavage of a peptide bond or bonds within a protein. Protein maturation is the process leading to the attainment of the full functional capacity of a protein.
ENSMUSG00000034158,ENSMUSG00000034158,Lrrc58,6086.091406,2.262226307,0.193406124,11.69676671,1.32e-31,7.31e-29,"30,87810301",up,LRRC58,proteolysis involved in protein catabolic process,GO:0051603,The hydrolysis of a peptide bond or bonds within a protein as part of the chemical reactions and pathways resulting in the breakdown of a protein by individual cells.
ENSMUSG00000034586,ENSMUSG00000034586,Hid1,112.2832672,0.868273031,0.251199446,3.456508539,0.000547222,0.002119799,"3,261836554",up,HID1,protein processing,GO:0016485,Any protein maturation process achieved by the cleavage of a peptide bond or bonds within a protein. Protein maturation is the process leading to the attainment of the full functional capacity of a protein.
ENSMUSG00000035069,ENSMUSG00000035069,Oma1,710.234026,-0.55576099,0.120035919,-4.629955738,3.66e-06,2.9e-05,"5,436822903",down,OMA1,protein processing,GO:0016485,Any protein maturation process achieved by the cleavage of a peptide bond or bonds within a protein. Protein maturation is the process leading to the attainment of the full functional capacity of a protein.
ENSMUSG00000035069,ENSMUSG00000035069,Oma1,710.234026,-0.55576099,0.120035919,-4.629955738,3.66e-06,2.9e-05,"5,436822903",down,OMA1,proteolysis involved in protein catabolic process,GO:0051603,The hydrolysis of a peptide bond or bonds within a protein as part of the chemical reactions and pathways resulting in the breakdown of a protein by individual cells.
ENSMUSG00000035206,ENSMUSG00000035206,Sppl2b,462.4920043,-0.87566493,0.139375665,-6.282767708,3.33e-10,7.22e-09,"9,478080568",down,SPPL2B,membrane protein proteolysis,GO:0033619,The proteolytic cleavage of a transmembrane protein leading to the release of its intracellular or ecto-domains.
ENSMUSG00000035235,ENSMUSG00000035235,Trim13,170.7889683,-0.546739657,0.160115773,-3.414652074,0.000638635,0.002420553,"3,194747069",down,TRIM13,proteolysis involved in protein catabolic process,GO:0051603,The hydrolysis of a peptide bond or bonds within a protein as part of the chemical reactions and pathways resulting in the breakdown of a protein by individual cells.
ENSMUSG00000035247,ENSMUSG00000035247,Hectd1,8679.277529,1.021117945,0.178199381,5.730199162,1e-08,1.56e-07,"7,99864371",up,HECTD1,proteolysis involved in protein catabolic process,GO:0051603,The hydrolysis of a peptide bond or bonds within a protein as part of the chemical reactions and pathways resulting in the breakdown of a protein by individual cells.
ENSMUSG00000035569,ENSMUSG00000035569,Ankrd11,4556.808959,0.726128429,0.152170003,4.771823727,1.83e-06,1.57e-05,"5,738581879",up,ANKRD11,proteolysis involved in protein catabolic process,GO:0051603,The hydrolysis of a peptide bond or bonds within a protein as part of the chemical reactions and pathways resulting in the breakdown of a protein by individual cells.
ENSMUSG00000035621,ENSMUSG00000035621,Midn,2323.463028,0.838291802,0.1568727,5.343771096,9.1e-08,1.11e-06,"7,040803463",up,MIDN,proteolysis involved in protein catabolic process,GO:0051603,The hydrolysis of a peptide bond or bonds within a protein as part of the chemical reactions and pathways resulting in the breakdown of a protein by individual cells.
ENSMUSG00000035898,ENSMUSG00000035898,Uba6,150.4869103,-0.651865598,0.187662363,-3.473608606,0.000513509,0.002002583,"3,28945152",down,UBA6,proteolysis involved in protein catabolic process,GO:0051603,The hydrolysis of a peptide bond or bonds within a protein as part of the chemical reactions and pathways resulting in the breakdown of a protein by individual cells.
ENSMUSG00000036646,ENSMUSG00000036646,Man1b1,768.4680578,-0.51347338,0.089902007,-5.711478506,1.12e-08,1.72e-07,"7,950786457",down,MAN1B1,proteolysis involved in protein catabolic process,GO:0051603,The hydrolysis of a peptide bond or bonds within a protein as part of the chemical reactions and pathways resulting in the breakdown of a protein by individual cells.
ENSMUSG00000036822,ENSMUSG00000036822,Topors,674.0763106,0.797703961,0.107406175,7.426984175,1.11e-13,4.77e-12,"12,9542795",up,TOPORS,proteolysis involved in protein catabolic process,GO:0051603,The hydrolysis of a peptide bond or bonds within a protein as part of the chemical reactions and pathways resulting in the breakdown of a protein by individual cells.
ENSMUSG00000036840,ENSMUSG00000036840,Siah1a,801.8337118,1.524691103,0.120399004,12.66365211,9.4e-37,7.27e-34,"36,02677318",up,SIAH1A,proteolysis involved in protein catabolic process,GO:0051603,The hydrolysis of a peptide bond or bonds within a protein as part of the chemical reactions and pathways resulting in the breakdown of a protein by individual cells.
ENSMUSG00000037415,ENSMUSG00000037415,Ranbp10,2775.307247,0.713145745,0.140802946,5.064849592,4.09e-07,4.19e-06,"6,388570999",up,RANBP10,proteolysis involved in protein catabolic process,GO:0051603,The hydrolysis of a peptide bond or bonds within a protein as part of the chemical reactions and pathways resulting in the breakdown of a protein by individual cells.
ENSMUSG00000037852,ENSMUSG00000037852,Cpe,7323.83168,-0.723437307,0.224206865,-3.226651005,0.001252481,0.004304003,"2,902228772",down,CPE,protein processing,GO:0016485,Any protein maturation process achieved by the cleavage of a peptide bond or bonds within a protein. Protein maturation is the process leading to the attainment of the full functional capacity of a protein.
ENSMUSG00000038175,ENSMUSG00000038175,Mylip,968.7050181,1.083761673,0.185430642,5.844566262,5.08e-09,8.3e-08,"8,294230466",up,MYLIP,proteolysis involved in protein catabolic process,GO:0051603,The hydrolysis of a peptide bond or bonds within a protein as part of the chemical reactions and pathways resulting in the breakdown of a protein by individual cells.
ENSMUSG00000038302,ENSMUSG00000038302,Afg1l,360.2685318,-0.971924652,0.191280058,-5.08116038,3.75e-07,3.89e-06,"6,425811",down,AFG1L,proteolysis involved in protein catabolic process,GO:0051603,The hydrolysis of a peptide bond or bonds within a protein as part of the chemical reactions and pathways resulting in the breakdown of a protein by individual cells.
ENSMUSG00000038451,ENSMUSG00000038451,Spsb2,113.9619965,0.796614814,0.182942022,4.354465988,1.33e-05,8.77e-05,"4,87487123",up,SPSB2,proteolysis involved in protein catabolic process,GO:0051603,The hydrolysis of a peptide bond or bonds within a protein as part of the chemical reactions and pathways resulting in the breakdown of a protein by individual cells.
ENSMUSG00000038546,ENSMUSG00000038546,Ranbp9,3002.048406,1.244086704,0.28188184,4.413504264,1.02e-05,6.98e-05,"4,992633298",up,RANBP9,proteolysis involved in protein catabolic process,GO:0051603,The hydrolysis of a peptide bond or bonds within a protein as part of the chemical reactions and pathways resulting in the breakdown of a protein by individual cells.
ENSMUSG00000038642,ENSMUSG00000038642,Ctss,145.2297236,1.809570149,0.283764059,6.377023774,1.81e-10,4.2e-09,"9,743372584",up,CTSS,protein processing,GO:0016485,Any protein maturation process achieved by the cleavage of a peptide bond or bonds within a protein. Protein maturation is the process leading to the attainment of the full functional capacity of a protein.
ENSMUSG00000038806,ENSMUSG00000038806,Sde2,479.1302935,0.63294174,0.132513335,4.776438078,1.78e-06,1.54e-05,"5,748538301",up,SDE2,protein processing,GO:0016485,Any protein maturation process achieved by the cleavage of a peptide bond or bonds within a protein. Protein maturation is the process leading to the attainment of the full functional capacity of a protein.
ENSMUSG00000038876,ENSMUSG00000038876,Rnf146,1493.230533,0.888943172,0.150658539,5.900383598,3.63e-09,6.18e-08,"8,440503452",up,RNF146,proteolysis involved in protein catabolic process,GO:0051603,The hydrolysis of a peptide bond or bonds within a protein as part of the chemical reactions and pathways resulting in the breakdown of a protein by individual cells.
ENSMUSG00000039474,ENSMUSG00000039474,Wfs1,2825.964761,-0.581303261,0.189054638,-3.074789742,0.00210651,0.006678869,"2,676436475",down,WFS1,proteolysis involved in protein catabolic process,GO:0051603,The hydrolysis of a peptide bond or bonds within a protein as part of the chemical reactions and pathways resulting in the breakdown of a protein by individual cells.
ENSMUSG00000039703,ENSMUSG00000039703,Nploc4,6413.912353,1.157625655,0.215401755,5.374262879,7.69e-08,9.47e-07,"7,114092846",up,NPLOC4,proteolysis involved in protein catabolic process,GO:0051603,The hydrolysis of a peptide bond or bonds within a protein as part of the chemical reactions and pathways resulting in the breakdown of a protein by individual cells.
ENSMUSG00000039911,ENSMUSG00000039911,Spsb1,1802.362235,2.529372295,0.235523491,10.73936312,6.650000000000001e-27,2.27e-24,"26,17716824",up,SPSB1,proteolysis involved in protein catabolic process,GO:0051603,The hydrolysis of a peptide bond or bonds within a protein as part of the chemical reactions and pathways resulting in the breakdown of a protein by individual cells.
ENSMUSG00000040423,ENSMUSG00000040423,Rc3h1,1172.65001,1.074635199,0.121216137,8.86544669,7.62e-19,8.84e-17,"18,11805662",up,RC3H1,proteolysis involved in protein catabolic process,GO:0051603,The hydrolysis of a peptide bond or bonds within a protein as part of the chemical reactions and pathways resulting in the breakdown of a protein by individual cells.
ENSMUSG00000040462,ENSMUSG00000040462,Os9,912.7902692,0.547029374,0.150381548,3.637609667,0.00027518,0.001178124,"3,560383077",up,OS9,proteolysis involved in protein catabolic process,GO:0051603,The hydrolysis of a peptide bond or bonds within a protein as part of the chemical reactions and pathways resulting in the breakdown of a protein by individual cells.
ENSMUSG00000041879,ENSMUSG00000041879,Ipo9,1533.979523,0.507735286,0.08894131,5.70865536,1.14e-08,1.74e-07,"7,943582265",up,IPO9,proteolysis involved in protein catabolic process,GO:0051603,The hydrolysis of a peptide bond or bonds within a protein as part of the chemical reactions and pathways resulting in the breakdown of a protein by individual cells.
ENSMUSG00000041926,ENSMUSG00000041926,Rnpep,509.710495,-0.728117762,0.100439345,-7.249328035,4.19e-13,1.68e-11,"12,37794732",down,RNPEP,protein processing,GO:0016485,Any protein maturation process achieved by the cleavage of a peptide bond or bonds within a protein. Protein maturation is the process leading to the attainment of the full functional capacity of a protein.
ENSMUSG00000041961,ENSMUSG00000041961,Znrf3,232.616844,0.720511275,0.171705207,4.19621099,2.71e-05,0.000161183,"4,566362287",up,ZNRF3,proteolysis involved in protein catabolic process,GO:0051603,The hydrolysis of a peptide bond or bonds within a protein as part of the chemical reactions and pathways resulting in the breakdown of a protein by individual cells.
ENSMUSG00000042155,ENSMUSG00000042155,Klhl23,821.1650187,-1.027554723,0.274036896,-3.749694801,0.00017705,0.000806717,"3,751904271",down,KLHL23,proteolysis involved in protein catabolic process,GO:0051603,The hydrolysis of a peptide bond or bonds within a protein as part of the chemical reactions and pathways resulting in the breakdown of a protein by individual cells.
ENSMUSG00000042506,ENSMUSG00000042506,Usp22,1111.895437,0.575418692,0.155124224,3.709405782,0.000207746,0.000922804,"3,682466813",up,USP22,proteolysis involved in protein catabolic process,GO:0051603,The hydrolysis of a peptide bond or bonds within a protein as part of the chemical reactions and pathways resulting in the breakdown of a protein by individual cells.
ENSMUSG00000042997,ENSMUSG00000042997,Nhlrc3,297.6645994,0.91133687,0.144740656,6.296343363,3.05e-10,6.73e-09,"9,51605782",up,NHLRC3,proteolysis involved in protein catabolic process,GO:0051603,The hydrolysis of a peptide bond or bonds within a protein as part of the chemical reactions and pathways resulting in the breakdown of a protein by individual cells.
ENSMUSG00000043336,ENSMUSG00000043336,Filip1l,2872.551823,-0.924407951,0.280610029,-3.294279801,0.000986742,0.003516975,"3,005796287",down,FILIP1L,proteolysis involved in protein catabolic process,GO:0051603,The hydrolysis of a peptide bond or bonds within a protein as part of the chemical reactions and pathways resulting in the breakdown of a protein by individual cells.
ENSMUSG00000043929,ENSMUSG00000043929,Klhl15,126.8503328,0.681593464,0.190985635,3.568820568,0.000358592,0.001478475,"3,445399522",up,KLHL15,proteolysis involved in protein catabolic process,GO:0051603,The hydrolysis of a peptide bond or bonds within a protein as part of the chemical reactions and pathways resulting in the breakdown of a protein by individual cells.
ENSMUSG00000044791,ENSMUSG00000044791,Setd2,1459.750929,0.916059577,0.135228367,6.774167271,1.25e-11,3.7e-10,"10,90265646",up,SETD2,proteolysis involved in protein catabolic process,GO:0051603,The hydrolysis of a peptide bond or bonds within a protein as part of the chemical reactions and pathways resulting in the breakdown of a protein by individual cells.
ENSMUSG00000044952,ENSMUSG00000044952,Kctd21,95.55517565,-1.42568056,0.176029971,-8.099078552,5.54e-16,3.71e-14,"15,25667042",down,KCTD21,proteolysis involved in protein catabolic process,GO:0051603,The hydrolysis of a peptide bond or bonds within a protein as part of the chemical reactions and pathways resulting in the breakdown of a protein by individual cells.
ENSMUSG00000045374,ENSMUSG00000045374,Wdr81,488.1914377,0.781373527,0.23171081,3.372192814,0.000745722,0.00276234,"3,127422916",up,WDR81,proteolysis involved in protein catabolic process,GO:0051603,The hydrolysis of a peptide bond or bonds within a protein as part of the chemical reactions and pathways resulting in the breakdown of a protein by individual cells.
ENSMUSG00000046404,ENSMUSG00000046404,Yod1,185.9234189,0.512668832,0.151157215,3.391626614,0.000694791,0.002604454,"3,15814611",up,YOD1,proteolysis involved in protein catabolic process,GO:0051603,The hydrolysis of a peptide bond or bonds within a protein as part of the chemical reactions and pathways resulting in the breakdown of a protein by individual cells.
ENSMUSG00000046417,ENSMUSG00000046417,Lrrc75a,109.5602568,-0.725841807,0.243635797,-2.979208374,0.002889942,0.008699077,"2,53911091",down,LRRC75A,proteolysis involved in protein catabolic process,GO:0051603,The hydrolysis of a peptide bond or bonds within a protein as part of the chemical reactions and pathways resulting in the breakdown of a protein by individual cells.
ENSMUSG00000050428,ENSMUSG00000050428,Fbxo46,112.9756619,-0.540322093,0.180313053,-2.996577798,0.002730286,0.008300203,"2,563791919",down,FBXO46,proteolysis involved in protein catabolic process,GO:0051603,The hydrolysis of a peptide bond or bonds within a protein as part of the chemical reactions and pathways resulting in the breakdown of a protein by individual cells.
ENSMUSG00000051675,ENSMUSG00000051675,Trim32,357.4094236,-0.602899267,0.136330555,-4.42233414,9.76e-06,6.74e-05,"5,010370903",down,TRIM32,proteolysis involved in protein catabolic process,GO:0051603,The hydrolysis of a peptide bond or bonds within a protein as part of the chemical reactions and pathways resulting in the breakdown of a protein by individual cells.
ENSMUSG00000052593,ENSMUSG00000052593,Adam17,610.1686051,-0.780357378,0.174535514,-4.471052113,7.78e-06,5.53e-05,"5,108821014",down,ADAM17,membrane protein proteolysis,GO:0033619,The proteolytic cleavage of a transmembrane protein leading to the release of its intracellular or ecto-domains.
ENSMUSG00000052593,ENSMUSG00000052593,Adam17,610.1686051,-0.780357378,0.174535514,-4.471052113,7.78e-06,5.53e-05,"5,108821014",down,ADAM17,protein processing,GO:0016485,Any protein maturation process achieved by the cleavage of a peptide bond or bonds within a protein. Protein maturation is the process leading to the attainment of the full functional capacity of a protein.
ENSMUSG00000052934,ENSMUSG00000052934,Fbxo31,9609.585956,0.538197465,0.126126753,4.267115815,1.98e-05,0.000123473,"4,703298898",up,FBXO31,proteolysis involved in protein catabolic process,GO:0051603,The hydrolysis of a peptide bond or bonds within a protein as part of the chemical reactions and pathways resulting in the breakdown of a protein by individual cells.
ENSMUSG00000053581,ENSMUSG00000053581,Zfand2a,633.2861812,1.314467675,0.207587543,6.332112493,2.42e-10,5.5e-09,"9,6164951",up,ZFAND2A,proteolysis involved in protein catabolic process,GO:0051603,The hydrolysis of a peptide bond or bonds within a protein as part of the chemical reactions and pathways resulting in the breakdown of a protein by individual cells.
ENSMUSG00000053774,ENSMUSG00000053774,Ubxn7,894.4413071,0.834170283,0.117604834,7.092993182,1.31e-12,4.77e-11,"11,88192741",up,UBXN7,proteolysis involved in protein catabolic process,GO:0051603,The hydrolysis of a peptide bond or bonds within a protein as part of the chemical reactions and pathways resulting in the breakdown of a protein by individual cells.
ENSMUSG00000055652,ENSMUSG00000055652,Klhl25,88.30353429,-0.580801056,0.182560148,-3.181423017,0.001465535,0.004912506,"2,834003905",down,KLHL25,proteolysis involved in protein catabolic process,GO:0051603,The hydrolysis of a peptide bond or bonds within a protein as part of the chemical reactions and pathways resulting in the breakdown of a protein by individual cells.
ENSMUSG00000056537,ENSMUSG00000056537,Rlim,1030.007775,1.031451097,0.136689508,7.545942006,4.49e-14,2.07e-12,"13,34772479",up,RLIM,proteolysis involved in protein catabolic process,GO:0051603,The hydrolysis of a peptide bond or bonds within a protein as part of the chemical reactions and pathways resulting in the breakdown of a protein by individual cells.
ENSMUSG00000057530,ENSMUSG00000057530,Ece1,4947.038981,0.755976984,0.138079976,5.474921157,4.38e-08,5.74e-07,"7,358817055",up,ECE1,protein processing,GO:0016485,Any protein maturation process achieved by the cleavage of a peptide bond or bonds within a protein. Protein maturation is the process leading to the attainment of the full functional capacity of a protein.
ENSMUSG00000059890,ENSMUSG00000059890,Ube4a,1867.093047,1.080406072,0.261148168,4.137138246,3.52e-05,0.000200719,"4,453871777",up,UBE4A,proteolysis involved in protein catabolic process,GO:0051603,The hydrolysis of a peptide bond or bonds within a protein as part of the chemical reactions and pathways resulting in the breakdown of a protein by individual cells.
ENSMUSG00000060177,ENSMUSG00000060177,Klk1b22,264.936786,2.068577979,0.594584697,3.479029966,0.000503232,0.001968462,"3,298231481",up,KLK1B22,protein processing,GO:0016485,Any protein maturation process achieved by the cleavage of a peptide bond or bonds within a protein. Protein maturation is the process leading to the attainment of the full functional capacity of a protein.
ENSMUSG00000061119,ENSMUSG00000061119,Prcp,258.9448173,-0.515228035,0.175422391,-2.937071108,0.003313281,0.009772361,"2,4797417",down,PRCP,protein processing,GO:0016485,Any protein maturation process achieved by the cleavage of a peptide bond or bonds within a protein. Protein maturation is the process leading to the attainment of the full functional capacity of a protein.
ENSMUSG00000061665,ENSMUSG00000061665,Cd2ap,992.714355,0.575666066,0.103684139,5.552113107,2.82e-08,3.91e-07,"7,549386251",up,CD2AP,proteolysis involved in protein catabolic process,GO:0051603,The hydrolysis of a peptide bond or bonds within a protein as part of the chemical reactions and pathways resulting in the breakdown of a protein by individual cells.
ENSMUSG00000061780,ENSMUSG00000061780,Cfd,1168.404008,0.832276271,0.223694503,3.720593304,0.000198755,0.000888697,"3,701681297",up,CFD,protein processing,GO:0016485,Any protein maturation process achieved by the cleavage of a peptide bond or bonds within a protein. Protein maturation is the process leading to the attainment of the full functional capacity of a protein.
ENSMUSG00000062901,ENSMUSG00000062901,Klhl24,7337.587389,0.696140607,0.144841304,4.806229924,1.54e-06,1.35e-05,"5,813035162",up,KLHL24,proteolysis involved in protein catabolic process,GO:0051603,The hydrolysis of a peptide bond or bonds within a protein as part of the chemical reactions and pathways resulting in the breakdown of a protein by individual cells.
ENSMUSG00000064145,ENSMUSG00000064145,Arih2,3890.617571,0.558963713,0.122238506,4.572730241,4.81e-06,3.66e-05,"5,317485105",up,ARIH2,proteolysis involved in protein catabolic process,GO:0051603,The hydrolysis of a peptide bond or bonds within a protein as part of the chemical reactions and pathways resulting in the breakdown of a protein by individual cells.
ENSMUSG00000066036,ENSMUSG00000066036,Ubr4,8885.097012,0.793928008,0.154653062,5.133606781,2.84e-07,3.05e-06,"6,546312295",up,UBR4,proteolysis involved in protein catabolic process,GO:0051603,The hydrolysis of a peptide bond or bonds within a protein as part of the chemical reactions and pathways resulting in the breakdown of a protein by individual cells.
ENSMUSG00000066892,ENSMUSG00000066892,Fbxl12,213.4514244,0.607905175,0.136888681,4.440872461,8.96e-06,6.26e-05,"5,047716778",up,FBXL12,proteolysis involved in protein catabolic process,GO:0051603,The hydrolysis of a peptide bond or bonds within a protein as part of the chemical reactions and pathways resulting in the breakdown of a protein by individual cells.
ENSMUSG00000070327,ENSMUSG00000070327,Rnf213,376.2542722,-0.684232182,0.167906829,-4.075070591,4.6e-05,0.00025321,"4,337238477",down,RNF213,proteolysis involved in protein catabolic process,GO:0051603,The hydrolysis of a peptide bond or bonds within a protein as part of the chemical reactions and pathways resulting in the breakdown of a protein by individual cells.
ENSMUSG00000074622,ENSMUSG00000074622,Mafb,2297.727983,-1.615687722,0.495005875,-3.263976863,0.001098601,0.003854077,"2,959159866",down,MAFB,protein processing,GO:0016485,Any protein maturation process achieved by the cleavage of a peptide bond or bonds within a protein. Protein maturation is the process leading to the attainment of the full functional capacity of a protein.
ENSMUSG00000074781,ENSMUSG00000074781,Ube2n,1503.51975,-0.903124963,0.1490906,-6.057558065,1.38e-09,2.63e-08,"8,859481078",down,UBE2N,proteolysis involved in protein catabolic process,GO:0051603,The hydrolysis of a peptide bond or bonds within a protein as part of the chemical reactions and pathways resulting in the breakdown of a protein by individual cells.
ENSMUSG00000078515,ENSMUSG00000078515,Ddi2,6369.087906,1.402433995,0.255908917,5.480207604,4.25e-08,5.6e-07,"7,371787832",up,DDI2,protein processing,GO:0016485,Any protein maturation process achieved by the cleavage of a peptide bond or bonds within a protein. Protein maturation is the process leading to the attainment of the full functional capacity of a protein.
ENSMUSG00000078515,ENSMUSG00000078515,Ddi2,6369.087906,1.402433995,0.255908917,5.480207604,4.25e-08,5.6e-07,"7,371787832",up,DDI2,proteolysis involved in protein catabolic process,GO:0051603,The hydrolysis of a peptide bond or bonds within a protein as part of the chemical reactions and pathways resulting in the breakdown of a protein by individual cells.
